Series,slope,H,Rq_nm,m_rms
UNCD.10um.2026.spm,-1.684048828001335,0.3420244140006675,252.8417559131874,0.3635189192345397
UNCD.1um.2026.spm,-2.1882930739351547,0.5941465369675774,19.825815654031484,0.6181224646493917
UNCD.20um.2026.spm,-1.1173715360038028,0.058685768001901395,506.08023616325795,0.09570426684056224
UNCD.500nm.2026.spm,-2.29927845339011,0.649639226695055,11.548665652595497,0.5828083515183672
UNCD.5um.2026.spm,-2.153985683418314,0.576992841709157,129.96028615233786,0.5352203610163814
mean,-1.8885955149497433,0.4442977574748717,184.05135190708202,0.43907487265184847
